ContractName,Date,OpenSharePrice,HighSharePrice,LowSharePrice,CloseSharePrice,TradeVolume
Harris,11/3/2020 6:00:00 PM,$0.01,$0.01,$0.01,$0.01,1222
Warren,11/3/2020 6:00:00 PM,$0.01,$0.01,$0.01,$0.01,10
Booker,11/3/2020 6:00:00 PM,$0.01,$0.01,$0.01,$0.01,0
Kasich,11/3/2020 6:00:00 PM,$0.01,$0.01,$0.01,$0.01,6
Biden,11/3/2020 6:00:00 PM,$0.64,$0.66,$0.64,$0.65,16439
Sanders,11/3/2020 6:00:00 PM,$0.01,$0.01,$0.01,$0.01,200
Pence,11/3/2020 6:00:00 PM,$0.01,$0.01,$0.01,$0.01,150
Trump,11/3/2020 6:00:00 PM,$0.42,$0.43,$0.40,$0.41,22328
Gillibrand,11/3/2020 6:00:00 PM,$0.01,$0.01,$0.01,$0.01,0
Cuomo,11/3/2020 6:00:00 PM,$0.01,$0.01,$0.01,$0.01,510
Cuban,11/3/2020 6:00:00 PM,$0.01,$0.01,$0.01,$0.01,0
Zuckerberg,11/3/2020 6:00:00 PM,$0.01,$0.01,$0.01,$0.01,0
Klobuchar,11/3/2020 6:00:00 PM,$0.01,$0.01,$0.01,$0.01,0
Haley,11/3/2020 6:00:00 PM,$0.01,$0.01,$0.01,$0.01,0
Ryan,11/3/2020 6:00:00 PM,$0.01,$0.01,$0.01,$0.01,0
O'Rourke,11/3/2020 6:00:00 PM,$0.01,$0.01,$0.01,$0.01,0
Brown,11/3/2020 6:00:00 PM,$0.01,$0.01,$0.01,$0.01,0
Bloomberg,11/3/2020 6:00:00 PM,$0.01,$0.01,$0.01,$0.01,0
Yang,11/3/2020 6:00:00 PM,$0.01,$0.01,$0.01,$0.01,150
Buttigieg,11/3/2020 6:00:00 PM,$0.01,$0.01,$0.01,$0.01,0
Gabbard,11/3/2020 6:00:00 PM,$0.01,$0.01,$0.01,$0.01,0
Clinton,11/3/2020 6:00:00 PM,$0.01,$0.01,$0.01,$0.01,160
Steyer,11/3/2020 6:00:00 PM,$0.01,$0.01,$0.01,$0.01,0
Jorgensen,11/3/2020 6:00:00 PM,$0.01,$0.01,$0.01,$0.01,0
West,11/3/2020 6:00:00 PM,$0.01,$0.01,$0.01,$0.01,0
Hawkins,11/3/2020 6:00:00 PM,$0.01,$0.01,$0.01,$0.01,0
Harris,11/3/2020 7:00:00 PM,$0.01,$0.01,$0.01,$0.01,87
Warren,11/3/2020 7:00:00 PM,$0.01,$0.01,$0.01,$0.01,1
Booker,11/3/2020 7:00:00 PM,$0.01,$0.01,$0.01,$0.01,0
Kasich,11/3/2020 7:00:00 PM,$0.01,$0.01,$0.01,$0.01,0
Biden,11/3/2020 7:00:00 PM,$0.65,$0.67,$0.64,$0.65,14174
Sanders,11/3/2020 7:00:00 PM,$0.01,$0.01,$0.01,$0.01,0
Pence,11/3/2020 7:00:00 PM,$0.01,$0.01,$0.01,$0.01,6
Trump,11/3/2020 7:00:00 PM,$0.41,$0.43,$0.40,$0.42,19134
Gillibrand,11/3/2020 7:00:00 PM,$0.01,$0.01,$0.01,$0.01,0
Cuomo,11/3/2020 7:00:00 PM,$0.01,$0.01,$0.01,$0.01,0
Cuban,11/3/2020 7:00:00 PM,$0.01,$0.01,$0.01,$0.01,0
Zuckerberg,11/3/2020 7:00:00 PM,$0.01,$0.01,$0.01,$0.01,0
Klobuchar,11/3/2020 7:00:00 PM,$0.01,$0.01,$0.01,$0.01,0
Haley,11/3/2020 7:00:00 PM,$0.01,$0.01,$0.01,$0.01,0
Ryan,11/3/2020 7:00:00 PM,$0.01,$0.01,$0.01,$0.01,0
O'Rourke,11/3/2020 7:00:00 PM,$0.01,$0.01,$0.01,$0.01,0
Brown,11/3/2020 7:00:00 PM,$0.01,$0.01,$0.01,$0.01,0
Bloomberg,11/3/2020 7:00:00 PM,$0.01,$0.01,$0.01,$0.01,0
Yang,11/3/2020 7:00:00 PM,$0.01,$0.01,$0.01,$0.01,0
Buttigieg,11/3/2020 7:00:00 PM,$0.01,$0.01,$0.01,$0.01,0
Gabbard,11/3/2020 7:00:00 PM,$0.01,$0.01,$0.01,$0.01,0
Clinton,11/3/2020 7:00:00 PM,$0.01,$0.01,$0.01,$0.01,0
Steyer,11/3/2020 7:00:00 PM,$0.01,$0.01,$0.01,$0.01,0
Jorgensen,11/3/2020 7:00:00 PM,$0.01,$0.01,$0.01,$0.01,2515
West,11/3/2020 7:00:00 PM,$0.01,$0.01,$0.01,$0.01,0
Hawkins,11/3/2020 7:00:00 PM,$0.01,$0.01,$0.01,$0.01,0
Harris,11/3/2020 8:00:00 PM,$0.01,$0.01,$0.01,$0.01,1078
Warren,11/3/2020 8:00:00 PM,$0.01,$0.01,$0.01,$0.01,0
Booker,11/3/2020 8:00:00 PM,$0.01,$0.01,$0.01,$0.01,0
Kasich,11/3/2020 8:00:00 PM,$0.01,$0.01,$0.01,$0.01,0
Biden,11/3/2020 8:00:00 PM,$0.65,$0.67,$0.65,$0.66,16454
Sanders,11/3/2020 8:00:00 PM,$0.01,$0.01,$0.01,$0.01,0
Pence,11/3/2020 8:00:00 PM,$0.01,$0.01,$0.01,$0.01,958
Trump,11/3/2020 8:00:00 PM,$0.42,$0.43,$0.41,$0.41,17335
Gillibrand,11/3/2020 8:00:00 PM,$0.01,$0.01,$0.01,$0.01,0
Cuomo,11/3/2020 8:00:00 PM,$0.01,$0.01,$0.01,$0.01,0
Cuban,11/3/2020 8:00:00 PM,$0.01,$0.01,$0.01,$0.01,0
Zuckerberg,11/3/2020 8:00:00 PM,$0.01,$0.01,$0.01,$0.01,0
Klobuchar,11/3/2020 8:00:00 PM,$0.01,$0.01,$0.01,$0.01,0
Haley,11/3/2020 8:00:00 PM,$0.01,$0.01,$0.01,$0.01,0
Ryan,11/3/2020 8:00:00 PM,$0.01,$0.01,$0.01,$0.01,1
O'Rourke,11/3/2020 8:00:00 PM,$0.01,$0.01,$0.01,$0.01,0
Brown,11/3/2020 8:00:00 PM,$0.01,$0.01,$0.01,$0.01,0
Bloomberg,11/3/2020 8:00:00 PM,$0.01,$0.01,$0.01,$0.01,0
Yang,11/3/2020 8:00:00 PM,$0.01,$0.01,$0.01,$0.01,0
Buttigieg,11/3/2020 8:00:00 PM,$0.01,$0.01,$0.01,$0.01,0
Gabbard,11/3/2020 8:00:00 PM,$0.01,$0.01,$0.01,$0.01,0
Clinton,11/3/2020 8:00:00 PM,$0.01,$0.01,$0.01,$0.01,971
Steyer,11/3/2020 8:00:00 PM,$0.01,$0.01,$0.01,$0.01,0
Jorgensen,11/3/2020 8:00:00 PM,$0.01,$0.01,$0.01,$0.01,0
West,11/3/2020 8:00:00 PM,$0.01,$0.01,$0.01,$0.01,0
Hawkins,11/3/2020 8:00:00 PM,$0.01,$0.01,$0.01,$0.01,0
Harris,11/3/2020 9:00:00 PM,$0.01,$0.01,$0.01,$0.01,202
Warren,11/3/2020 9:00:00 PM,$0.01,$0.01,$0.01,$0.01,0
Booker,11/3/2020 9:00:00 PM,$0.01,$0.01,$0.01,$0.01,0
Kasich,11/3/2020 9:00:00 PM,$0.01,$0.01,$0.01,$0.01,0
Biden,11/3/2020 9:00:00 PM,$0.66,$0.67,$0.65,$0.66,12351
Sanders,11/3/2020 9:00:00 PM,$0.01,$0.01,$0.01,$0.01,0
Pence,11/3/2020 9:00:00 PM,$0.01,$0.01,$0.01,$0.01,26
Trump,11/3/2020 9:00:00 PM,$0.41,$0.43,$0.40,$0.40,17180
Gillibrand,11/3/2020 9:00:00 PM,$0.01,$0.01,$0.01,$0.01,0
Cuomo,11/3/2020 9:00:00 PM,$0.01,$0.01,$0.01,$0.01,0
Cuban,11/3/2020 9:00:00 PM,$0.01,$0.01,$0.01,$0.01,0
Zuckerberg,11/3/2020 9:00:00 PM,$0.01,$0.01,$0.01,$0.01,0
Klobuchar,11/3/2020 9:00:00 PM,$0.01,$0.01,$0.01,$0.01,0
Haley,11/3/2020 9:00:00 PM,$0.01,$0.01,$0.01,$0.01,0
Ryan,11/3/2020 9:00:00 PM,$0.01,$0.01,$0.01,$0.01,0
O'Rourke,11/3/2020 9:00:00 PM,$0.01,$0.01,$0.01,$0.01,0
Brown,11/3/2020 9:00:00 PM,$0.01,$0.01,$0.01,$0.01,0
Bloomberg,11/3/2020 9:00:00 PM,$0.01,$0.01,$0.01,$0.01,0
Yang,11/3/2020 9:00:00 PM,$0.01,$0.01,$0.01,$0.01,0
Buttigieg,11/3/2020 9:00:00 PM,$0.01,$0.01,$0.01,$0.01,1
Gabbard,11/3/2020 9:00:00 PM,$0.01,$0.01,$0.01,$0.01,0
Clinton,11/3/2020 9:00:00 PM,$0.01,$0.01,$0.01,$0.01,0
Steyer,11/3/2020 9:00:00 PM,$0.01,$0.01,$0.01,$0.01,0
Jorgensen,11/3/2020 9:00:00 PM,$0.01,$0.01,$0.01,$0.01,0
West,11/3/2020 9:00:00 PM,$0.01,$0.01,$0.01,$0.01,1
Hawkins,11/3/2020 9:00:00 PM,$0.01,$0.01,$0.01,$0.01,0
Harris,11/3/2020 10:00:00 PM,$0.01,$0.01,$0.01,$0.01,22
Warren,11/3/2020 10:00:00 PM,$0.01,$0.01,$0.01,$0.01,12
Booker,11/3/2020 10:00:00 PM,$0.01,$0.01,$0.01,$0.01,0
Kasich,11/3/2020 10:00:00 PM,$0.01,$0.01,$0.01,$0.01,0
Biden,11/3/2020 10:00:00 PM,$0.66,$0.68,$0.65,$0.67,14862
Sanders,11/3/2020 10:00:00 PM,$0.01,$0.01,$0.01,$0.01,0
Pence,11/3/2020 10:00:00 PM,$0.01,$0.01,$0.01,$0.01,800
Trump,11/3/2020 10:00:00 PM,$0.40,$0.42,$0.40,$0.42,17830
Gillibrand,11/3/2020 10:00:00 PM,$0.01,$0.01,$0.01,$0.01,0
Cuomo,11/3/2020 10:00:00 PM,$0.01,$0.01,$0.01,$0.01,0
Cuban,11/3/2020 10:00:00 PM,$0.01,$0.01,$0.01,$0.01,0
Zuckerberg,11/3/2020 10:00:00 PM,$0.01,$0.01,$0.01,$0.01,0
Klobuchar,11/3/2020 10:00:00 PM,$0.01,$0.01,$0.01,$0.01,0
Haley,11/3/2020 10:00:00 PM,$0.01,$0.01,$0.01,$0.01,0
Ryan,11/3/2020 10:00:00 PM,$0.01,$0.01,$0.01,$0.01,0
O'Rourke,11/3/2020 10:00:00 PM,$0.01,$0.01,$0.01,$0.01,0
Brown,11/3/2020 10:00:00 PM,$0.01,$0.01,$0.01,$0.01,0
Bloomberg,11/3/2020 10:00:00 PM,$0.01,$0.01,$0.01,$0.01,0
Yang,11/3/2020 10:00:00 PM,$0.01,$0.01,$0.01,$0.01,0
Buttigieg,11/3/2020 10:00:00 PM,$0.01,$0.01,$0.01,$0.01,0
Gabbard,11/3/2020 10:00:00 PM,$0.01,$0.01,$0.01,$0.01,0
Clinton,11/3/2020 10:00:00 PM,$0.01,$0.01,$0.01,$0.01,800
Steyer,11/3/2020 10:00:00 PM,$0.01,$0.01,$0.01,$0.01,0
Jorgensen,11/3/2020 10:00:00 PM,$0.01,$0.01,$0.01,$0.01,200
West,11/3/2020 10:00:00 PM,$0.01,$0.01,$0.01,$0.01,0
Hawkins,11/3/2020 10:00:00 PM,$0.01,$0.01,$0.01,$0.01,0
Harris,11/3/2020 11:00:00 PM,$0.01,$0.01,$0.01,$0.01,321
Warren,11/3/2020 11:00:00 PM,$0.01,$0.01,$0.01,$0.01,100
Booker,11/3/2020 11:00:00 PM,$0.01,$0.01,$0.01,$0.01,100
Kasich,11/3/2020 11:00:00 PM,$0.01,$0.01,$0.01,$0.01,0
Biden,11/3/2020 11:00:00 PM,$0.67,$0.69,$0.67,$0.68,12122
Sanders,11/3/2020 11:00:00 PM,$0.01,$0.01,$0.01,$0.01,100
Pence,11/3/2020 11:00:00 PM,$0.01,$0.01,$0.01,$0.01,150
Trump,11/3/2020 11:00:00 PM,$0.42,$0.42,$0.39,$0.40,19398
Gillibrand,11/3/2020 11:00:00 PM,$0.01,$0.01,$0.01,$0.01,99
Cuomo,11/3/2020 11:00:00 PM,$0.01,$0.01,$0.01,$0.01,0
Cuban,11/3/2020 11:00:00 PM,$0.01,$0.01,$0.01,$0.01,0
Zuckerberg,11/3/2020 11:00:00 PM,$0.01,$0.01,$0.01,$0.01,0
Klobuchar,11/3/2020 11:00:00 PM,$0.01,$0.01,$0.01,$0.01,0
Haley,11/3/2020 11:00:00 PM,$0.01,$0.01,$0.01,$0.01,0
Ryan,11/3/2020 11:00:00 PM,$0.01,$0.01,$0.01,$0.01,0
O'Rourke,11/3/2020 11:00:00 PM,$0.01,$0.01,$0.01,$0.01,0
Brown,11/3/2020 11:00:00 PM,$0.01,$0.01,$0.01,$0.01,0
Bloomberg,11/3/2020 11:00:00 PM,$0.01,$0.01,$0.01,$0.01,0
Yang,11/3/2020 11:00:00 PM,$0.01,$0.01,$0.01,$0.01,0
Buttigieg,11/3/2020 11:00:00 PM,$0.01,$0.01,$0.01,$0.01,0
Gabbard,11/3/2020 11:00:00 PM,$0.01,$0.01,$0.01,$0.01,0
Clinton,11/3/2020 11:00:00 PM,$0.01,$0.01,$0.01,$0.01,0
Steyer,11/3/2020 11:00:00 PM,$0.01,$0.01,$0.01,$0.01,0
Jorgensen,11/3/2020 11:00:00 PM,$0.01,$0.01,$0.01,$0.01,0
West,11/3/2020 11:00:00 PM,$0.01,$0.01,$0.01,$0.01,0
Hawkins,11/3/2020 11:00:00 PM,$0.01,$0.01,$0.01,$0.01,0
Harris,11/4/2020 12:00:00 AM,$0.01,$0.01,$0.01,$0.01,26
Warren,11/4/2020 12:00:00 AM,$0.01,$0.01,$0.01,$0.01,0
Booker,11/4/2020 12:00:00 AM,$0.01,$0.01,$0.01,$0.01,1
Kasich,11/4/2020 12:00:00 AM,$0.01,$0.01,$0.01,$0.01,0
Biden,11/4/2020 12:00:00 AM,$0.68,$0.71,$0.67,$0.68,19739
Sanders,11/4/2020 12:00:00 AM,$0.01,$0.01,$0.01,$0.01,0
Pence,11/4/2020 12:00:00 AM,$0.01,$0.01,$0.01,$0.01,9
Trump,11/4/2020 12:00:00 AM,$0.40,$0.43,$0.36,$0.42,26280
Gillibrand,11/4/2020 12:00:00 AM,$0.01,$0.01,$0.01,$0.01,0
Cuomo,11/4/2020 12:00:00 AM,$0.01,$0.01,$0.01,$0.01,0
Cuban,11/4/2020 12:00:00 AM,$0.01,$0.01,$0.01,$0.01,0
Zuckerberg,11/4/2020 12:00:00 AM,$0.01,$0.01,$0.01,$0.01,0
Klobuchar,11/4/2020 12:00:00 AM,$0.01,$0.01,$0.01,$0.01,0
Haley,11/4/2020 12:00:00 AM,$0.01,$0.01,$0.01,$0.01,0
Ryan,11/4/2020 12:00:00 AM,$0.01,$0.01,$0.01,$0.01,0
O'Rourke,11/4/2020 12:00:00 AM,$0.01,$0.01,$0.01,$0.01,0
Brown,11/4/2020 12:00:00 AM,$0.01,$0.01,$0.01,$0.01,0
Bloomberg,11/4/2020 12:00:00 AM,$0.01,$0.01,$0.01,$0.01,0
Yang,11/4/2020 12:00:00 AM,$0.01,$0.01,$0.01,$0.01,0
Buttigieg,11/4/2020 12:00:00 AM,$0.01,$0.01,$0.01,$0.01,0
Gabbard,11/4/2020 12:00:00 AM,$0.01,$0.01,$0.01,$0.01,0
Clinton,11/4/2020 12:00:00 AM,$0.01,$0.01,$0.01,$0.01,0
Steyer,11/4/2020 12:00:00 AM,$0.01,$0.01,$0.01,$0.01,0
Jorgensen,11/4/2020 12:00:00 AM,$0.01,$0.01,$0.01,$0.01,0
West,11/4/2020 12:00:00 AM,$0.01,$0.01,$0.01,$0.01,0
Hawkins,11/4/2020 12:00:00 AM,$0.01,$0.01,$0.01,$0.01,0
Harris,11/4/2020 1:00:00 AM,$0.01,$0.01,$0.01,$0.01,0
Warren,11/4/2020 1:00:00 AM,$0.01,$0.01,$0.01,$0.01,0
Booker,11/4/2020 1:00:00 AM,$0.01,$0.01,$0.01,$0.01,0
Kasich,11/4/2020 1:00:00 AM,$0.01,$0.01,$0.01,$0.01,0
Biden,11/4/2020 1:00:00 AM,$0.68,$0.68,$0.68,$0.68,52
Sanders,11/4/2020 1:00:00 AM,$0.01,$0.01,$0.01,$0.01,0
Pence,11/4/2020 1:00:00 AM,$0.01,$0.01,$0.01,$0.01,0
Trump,11/4/2020 1:00:00 AM,$0.42,$0.43,$0.40,$0.43,836
Gillibrand,11/4/2020 1:00:00 AM,$0.01,$0.01,$0.01,$0.01,0
Cuomo,11/4/2020 1:00:00 AM,$0.01,$0.01,$0.01,$0.01,0
Cuban,11/4/2020 1:00:00 AM,$0.01,$0.01,$0.01,$0.01,0
Zuckerberg,11/4/2020 1:00:00 AM,$0.01,$0.01,$0.01,$0.01,0
Klobuchar,11/4/2020 1:00:00 AM,$0.01,$0.01,$0.01,$0.01,0
Haley,11/4/2020 1:00:00 AM,$0.01,$0.01,$0.01,$0.01,0
Ryan,11/4/2020 1:00:00 AM,$0.01,$0.01,$0.01,$0.01,0
O'Rourke,11/4/2020 1:00:00 AM,$0.01,$0.01,$0.01,$0.01,0
Brown,11/4/2020 1:00:00 AM,$0.01,$0.01,$0.01,$0.01,0
Bloomberg,11/4/2020 1:00:00 AM,$0.01,$0.01,$0.01,$0.01,0
Yang,11/4/2020 1:00:00 AM,$0.01,$0.01,$0.01,$0.01,0
Buttigieg,11/4/2020 1:00:00 AM,$0.01,$0.01,$0.01,$0.01,0
Gabbard,11/4/2020 1:00:00 AM,$0.01,$0.01,$0.01,$0.01,0
Clinton,11/4/2020 1:00:00 AM,$0.01,$0.01,$0.01,$0.01,0
Steyer,11/4/2020 1:00:00 AM,$0.01,$0.01,$0.01,$0.01,0
Jorgensen,11/4/2020 1:00:00 AM,$0.01,$0.01,$0.01,$0.01,0
West,11/4/2020 1:00:00 AM,$0.01,$0.01,$0.01,$0.01,0
Hawkins,11/4/2020 1:00:00 AM,$0.01,$0.01,$0.01,$0.01,0
Harris,11/4/2020 2:00:00 AM,$0.01,$0.01,$0.01,$0.01,0
Warren,11/4/2020 2:00:00 AM,$0.01,$0.01,$0.01,$0.01,0
Booker,11/4/2020 2:00:00 AM,$0.01,$0.01,$0.01,$0.01,0
Kasich,11/4/2020 2:00:00 AM,$0.01,$0.01,$0.01,$0.01,0
Biden,11/4/2020 2:00:00 AM,$0.68,$0.69,$0.68,$0.68,2016
Sanders,11/4/2020 2:00:00 AM,$0.01,$0.01,$0.01,$0.01,0
Pence,11/4/2020 2:00:00 AM,$0.01,$0.01,$0.01,$0.01,0
Trump,11/4/2020 2:00:00 AM,$0.43,$0.43,$0.42,$0.43,111
Gillibrand,11/4/2020 2:00:00 AM,$0.01,$0.01,$0.01,$0.01,0
Cuomo,11/4/2020 2:00:00 AM,$0.01,$0.01,$0.01,$0.01,0
Cuban,11/4/2020 2:00:00 AM,$0.01,$0.01,$0.01,$0.01,0
Zuckerberg,11/4/2020 2:00:00 AM,$0.01,$0.01,$0.01,$0.01,0
Klobuchar,11/4/2020 2:00:00 AM,$0.01,$0.01,$0.01,$0.01,0
Haley,11/4/2020 2:00:00 AM,$0.01,$0.01,$0.01,$0.01,0
Ryan,11/4/2020 2:00:00 AM,$0.01,$0.01,$0.01,$0.01,0
O'Rourke,11/4/2020 2:00:00 AM,$0.01,$0.01,$0.01,$0.01,0
Brown,11/4/2020 2:00:00 AM,$0.01,$0.01,$0.01,$0.01,0
Bloomberg,11/4/2020 2:00:00 AM,$0.01,$0.01,$0.01,$0.01,0
Yang,11/4/2020 2:00:00 AM,$0.01,$0.01,$0.01,$0.01,0
Buttigieg,11/4/2020 2:00:00 AM,$0.01,$0.01,$0.01,$0.01,0
Gabbard,11/4/2020 2:00:00 AM,$0.01,$0.01,$0.01,$0.01,0
Clinton,11/4/2020 2:00:00 AM,$0.01,$0.01,$0.01,$0.01,0
Steyer,11/4/2020 2:00:00 AM,$0.01,$0.01,$0.01,$0.01,0
Jorgensen,11/4/2020 2:00:00 AM,$0.01,$0.01,$0.01,$0.01,0
West,11/4/2020 2:00:00 AM,$0.01,$0.01,$0.01,$0.01,0
Hawkins,11/4/2020 2:00:00 AM,$0.01,$0.01,$0.01,$0.01,0
Harris,11/4/2020 3:00:00 AM,$0.01,$0.01,$0.01,$0.01,0
Warren,11/4/2020 3:00:00 AM,$0.01,$0.01,$0.01,$0.01,0
Booker,11/4/2020 3:00:00 AM,$0.01,$0.01,$0.01,$0.01,0
Kasich,11/4/2020 3:00:00 AM,$0.01,$0.01,$0.01,$0.01,0
Biden,11/4/2020 3:00:00 AM,$0.68,$0.69,$0.67,$0.67,3322
Sanders,11/4/2020 3:00:00 AM,$0.01,$0.01,$0.01,$0.01,0
Pence,11/4/2020 3:00:00 AM,$0.01,$0.01,$0.01,$0.01,0
Trump,11/4/2020 3:00:00 AM,$0.43,$0.44,$0.43,$0.44,3684
Gillibrand,11/4/2020 3:00:00 AM,$0.01,$0.01,$0.01,$0.01,0
Cuomo,11/4/2020 3:00:00 AM,$0.01,$0.01,$0.01,$0.01,0
Cuban,11/4/2020 3:00:00 AM,$0.01,$0.01,$0.01,$0.01,0
Zuckerberg,11/4/2020 3:00:00 AM,$0.01,$0.01,$0.01,$0.01,0
Klobuchar,11/4/2020 3:00:00 AM,$0.01,$0.01,$0.01,$0.01,0
Haley,11/4/2020 3:00:00 AM,$0.01,$0.01,$0.01,$0.01,0
Ryan,11/4/2020 3:00:00 AM,$0.01,$0.01,$0.01,$0.01,0
O'Rourke,11/4/2020 3:00:00 AM,$0.01,$0.01,$0.01,$0.01,0
Brown,11/4/2020 3:00:00 AM,$0.01,$0.01,$0.01,$0.01,0
Bloomberg,11/4/2020 3:00:00 AM,$0.01,$0.01,$0.01,$0.01,0
Yang,11/4/2020 3:00:00 AM,$0.01,$0.01,$0.01,$0.01,0
Buttigieg,11/4/2020 3:00:00 AM,$0.01,$0.01,$0.01,$0.01,0
Gabbard,11/4/2020 3:00:00 AM,$0.01,$0.01,$0.01,$0.01,0
Clinton,11/4/2020 3:00:00 AM,$0.01,$0.01,$0.01,$0.01,0
Steyer,11/4/2020 3:00:00 AM,$0.01,$0.01,$0.01,$0.01,0
Jorgensen,11/4/2020 3:00:00 AM,$0.01,$0.01,$0.01,$0.01,0
West,11/4/2020 3:00:00 AM,$0.01,$0.01,$0.01,$0.01,0
Hawkins,11/4/2020 3:00:00 AM,$0.01,$0.01,$0.01,$0.01,0
Harris,11/4/2020 4:00:00 AM,$0.01,$0.01,$0.01,$0.01,1
Warren,11/4/2020 4:00:00 AM,$0.01,$0.01,$0.01,$0.01,0
Booker,11/4/2020 4:00:00 AM,$0.01,$0.01,$0.01,$0.01,0
Kasich,11/4/2020 4:00:00 AM,$0.01,$0.01,$0.01,$0.01,0
Biden,11/4/2020 4:00:00 AM,$0.67,$0.67,$0.15,$0.38,81337
Sanders,11/4/2020 4:00:00 AM,$0.01,$0.01,$0.01,$0.01,0
Pence,11/4/2020 4:00:00 AM,$0.01,$0.01,$0.01,$0.01,951
Trump,11/4/2020 4:00:00 AM,$0.44,$0.85,$0.44,$0.64,125537
Gillibrand,11/4/2020 4:00:00 AM,$0.01,$0.01,$0.01,$0.01,0
Cuomo,11/4/2020 4:00:00 AM,$0.01,$0.01,$0.01,$0.01,0
Cuban,11/4/2020 4:00:00 AM,$0.01,$0.01,$0.01,$0.01,0
Zuckerberg,11/4/2020 4:00:00 AM,$0.01,$0.01,$0.01,$0.01,0
Klobuchar,11/4/2020 4:00:00 AM,$0.01,$0.01,$0.01,$0.01,0
Haley,11/4/2020 4:00:00 AM,$0.01,$0.01,$0.01,$0.01,0
Ryan,11/4/2020 4:00:00 AM,$0.01,$0.01,$0.01,$0.01,0
O'Rourke,11/4/2020 4:00:00 AM,$0.01,$0.01,$0.01,$0.01,0
Brown,11/4/2020 4:00:00 AM,$0.01,$0.01,$0.01,$0.01,0
Bloomberg,11/4/2020 4:00:00 AM,$0.01,$0.01,$0.01,$0.01,0
Yang,11/4/2020 4:00:00 AM,$0.01,$0.01,$0.01,$0.01,0
Buttigieg,11/4/2020 4:00:00 AM,$0.01,$0.01,$0.01,$0.01,0
Gabbard,11/4/2020 4:00:00 AM,$0.01,$0.01,$0.01,$0.01,0
Clinton,11/4/2020 4:00:00 AM,$0.01,$0.01,$0.01,$0.01,0
Steyer,11/4/2020 4:00:00 AM,$0.01,$0.01,$0.01,$0.01,0
Jorgensen,11/4/2020 4:00:00 AM,$0.01,$0.01,$0.01,$0.01,0
West,11/4/2020 4:00:00 AM,$0.01,$0.01,$0.01,$0.01,0
Hawkins,11/4/2020 4:00:00 AM,$0.01,$0.01,$0.01,$0.01,0
Harris,11/4/2020 5:00:00 AM,$0.01,$0.01,$0.01,$0.01,0
Warren,11/4/2020 5:00:00 AM,$0.01,$0.01,$0.01,$0.01,0
Booker,11/4/2020 5:00:00 AM,$0.01,$0.01,$0.01,$0.01,0
Kasich,11/4/2020 5:00:00 AM,$0.01,$0.01,$0.01,$0.01,0
Biden,11/4/2020 5:00:00 AM,$0.38,$0.43,$0.34,$0.42,19244
Sanders,11/4/2020 5:00:00 AM,$0.01,$0.01,$0.01,$0.01,0
Pence,11/4/2020 5:00:00 AM,$0.01,$0.01,$0.01,$0.01,81
Trump,11/4/2020 5:00:00 AM,$0.64,$0.69,$0.59,$0.59,33828
Gillibrand,11/4/2020 5:00:00 AM,$0.01,$0.01,$0.01,$0.01,0
Cuomo,11/4/2020 5:00:00 AM,$0.01,$0.01,$0.01,$0.01,0
Cuban,11/4/2020 5:00:00 AM,$0.01,$0.01,$0.01,$0.01,0
Zuckerberg,11/4/2020 5:00:00 AM,$0.01,$0.01,$0.01,$0.01,0
Klobuchar,11/4/2020 5:00:00 AM,$0.01,$0.01,$0.01,$0.01,0
Haley,11/4/2020 5:00:00 AM,$0.01,$0.01,$0.01,$0.01,0
Ryan,11/4/2020 5:00:00 AM,$0.01,$0.01,$0.01,$0.01,0
O'Rourke,11/4/2020 5:00:00 AM,$0.01,$0.01,$0.01,$0.01,0
Brown,11/4/2020 5:00:00 AM,$0.01,$0.01,$0.01,$0.01,0
Bloomberg,11/4/2020 5:00:00 AM,$0.01,$0.01,$0.01,$0.01,0
Yang,11/4/2020 5:00:00 AM,$0.01,$0.01,$0.01,$0.01,0
Buttigieg,11/4/2020 5:00:00 AM,$0.01,$0.01,$0.01,$0.01,0
Gabbard,11/4/2020 5:00:00 AM,$0.01,$0.01,$0.01,$0.01,0
Clinton,11/4/2020 5:00:00 AM,$0.01,$0.01,$0.01,$0.01,0
Steyer,11/4/2020 5:00:00 AM,$0.01,$0.01,$0.01,$0.01,0
Jorgensen,11/4/2020 5:00:00 AM,$0.01,$0.01,$0.01,$0.01,0
West,11/4/2020 5:00:00 AM,$0.01,$0.01,$0.01,$0.01,0
Hawkins,11/4/2020 5:00:00 AM,$0.01,$0.01,$0.01,$0.01,0
Harris,11/4/2020 6:00:00 AM,$0.01,$0.01,$0.01,$0.01,10
Warren,11/4/2020 6:00:00 AM,$0.01,$0.01,$0.01,$0.01,0
Booker,11/4/2020 6:00:00 AM,$0.01,$0.01,$0.01,$0.01,0
Kasich,11/4/2020 6:00:00 AM,$0.01,$0.01,$0.01,$0.01,0
Biden,11/4/2020 6:00:00 AM,$0.42,$0.42,$0.34,$0.39,9861
Sanders,11/4/2020 6:00:00 AM,$0.01,$0.01,$0.01,$0.01,92
Pence,11/4/2020 6:00:00 AM,$0.01,$0.01,$0.01,$0.01,0
Trump,11/4/2020 6:00:00 AM,$0.59,$0.70,$0.58,$0.69,21091
Gillibrand,11/4/2020 6:00:00 AM,$0.01,$0.01,$0.01,$0.01,0
Cuomo,11/4/2020 6:00:00 AM,$0.01,$0.01,$0.01,$0.01,0
Cuban,11/4/2020 6:00:00 AM,$0.01,$0.01,$0.01,$0.01,0
Zuckerberg,11/4/2020 6:00:00 AM,$0.01,$0.01,$0.01,$0.01,0
Klobuchar,11/4/2020 6:00:00 AM,$0.01,$0.01,$0.01,$0.01,0
Haley,11/4/2020 6:00:00 AM,$0.01,$0.01,$0.01,$0.01,0
Ryan,11/4/2020 6:00:00 AM,$0.01,$0.01,$0.01,$0.01,0
O'Rourke,11/4/2020 6:00:00 AM,$0.01,$0.01,$0.01,$0.01,0
Brown,11/4/2020 6:00:00 AM,$0.01,$0.01,$0.01,$0.01,0
Bloomberg,11/4/2020 6:00:00 AM,$0.01,$0.01,$0.01,$0.01,0
Yang,11/4/2020 6:00:00 AM,$0.01,$0.01,$0.01,$0.01,0
Buttigieg,11/4/2020 6:00:00 AM,$0.01,$0.01,$0.01,$0.01,0
Gabbard,11/4/2020 6:00:00 AM,$0.01,$0.01,$0.01,$0.01,0
Clinton,11/4/2020 6:00:00 AM,$0.01,$0.01,$0.01,$0.01,0
Steyer,11/4/2020 6:00:00 AM,$0.01,$0.01,$0.01,$0.01,0
Jorgensen,11/4/2020 6:00:00 AM,$0.01,$0.01,$0.01,$0.01,0
West,11/4/2020 6:00:00 AM,$0.01,$0.01,$0.01,$0.01,0
Hawkins,11/4/2020 6:00:00 AM,$0.01,$0.01,$0.01,$0.01,0
Harris,11/4/2020 7:00:00 AM,$0.01,$0.01,$0.01,$0.01,0
Warren,11/4/2020 7:00:00 AM,$0.01,$0.01,$0.01,$0.01,0
Booker,11/4/2020 7:00:00 AM,$0.01,$0.01,$0.01,$0.01,0
Kasich,11/4/2020 7:00:00 AM,$0.01,$0.01,$0.01,$0.01,0
Biden,11/4/2020 7:00:00 AM,$0.39,$0.56,$0.35,$0.51,19472
Sanders,11/4/2020 7:00:00 AM,$0.01,$0.01,$0.01,$0.01,0
Pence,11/4/2020 7:00:00 AM,$0.01,$0.01,$0.01,$0.01,400
Trump,11/4/2020 7:00:00 AM,$0.69,$0.70,$0.53,$0.56,18751
Gillibrand,11/4/2020 7:00:00 AM,$0.01,$0.01,$0.01,$0.01,0
Cuomo,11/4/2020 7:00:00 AM,$0.01,$0.01,$0.01,$0.01,0
Cuban,11/4/2020 7:00:00 AM,$0.01,$0.01,$0.01,$0.01,0
Zuckerberg,11/4/2020 7:00:00 AM,$0.01,$0.01,$0.01,$0.01,0
Klobuchar,11/4/2020 7:00:00 AM,$0.01,$0.01,$0.01,$0.01,0
Haley,11/4/2020 7:00:00 AM,$0.01,$0.01,$0.01,$0.01,0
Ryan,11/4/2020 7:00:00 AM,$0.01,$0.01,$0.01,$0.01,0
O'Rourke,11/4/2020 7:00:00 AM,$0.01,$0.01,$0.01,$0.01,0
Brown,11/4/2020 7:00:00 AM,$0.01,$0.01,$0.01,$0.01,0
Bloomberg,11/4/2020 7:00:00 AM,$0.01,$0.01,$0.01,$0.01,0
Yang,11/4/2020 7:00:00 AM,$0.01,$0.01,$0.01,$0.01,0
Buttigieg,11/4/2020 7:00:00 AM,$0.01,$0.01,$0.01,$0.01,0
Gabbard,11/4/2020 7:00:00 AM,$0.01,$0.01,$0.01,$0.01,0
Clinton,11/4/2020 7:00:00 AM,$0.01,$0.01,$0.01,$0.01,0
Steyer,11/4/2020 7:00:00 AM,$0.01,$0.01,$0.01,$0.01,0
Jorgensen,11/4/2020 7:00:00 AM,$0.01,$0.01,$0.01,$0.01,0
West,11/4/2020 7:00:00 AM,$0.01,$0.01,$0.01,$0.01,0
Hawkins,11/4/2020 7:00:00 AM,$0.01,$0.01,$0.01,$0.01,0
Harris,11/4/2020 8:00:00 AM,$0.01,$0.01,$0.01,$0.01,1044
Warren,11/4/2020 8:00:00 AM,$0.01,$0.01,$0.01,$0.01,0
Booker,11/4/2020 8:00:00 AM,$0.01,$0.01,$0.01,$0.01,0
Kasich,11/4/2020 8:00:00 AM,$0.01,$0.01,$0.01,$0.01,0
Biden,11/4/2020 8:00:00 AM,$0.51,$0.52,$0.34,$0.39,58497
Sanders,11/4/2020 8:00:00 AM,$0.01,$0.01,$0.01,$0.01,1
Pence,11/4/2020 8:00:00 AM,$0.01,$0.01,$0.01,$0.01,32
Trump,11/4/2020 8:00:00 AM,$0.56,$0.74,$0.49,$0.63,91038
Gillibrand,11/4/2020 8:00:00 AM,$0.01,$0.01,$0.01,$0.01,0
Cuomo,11/4/2020 8:00:00 AM,$0.01,$0.01,$0.01,$0.01,0
Cuban,11/4/2020 8:00:00 AM,$0.01,$0.01,$0.01,$0.01,0
Zuckerberg,11/4/2020 8:00:00 AM,$0.01,$0.01,$0.01,$0.01,0
Klobuchar,11/4/2020 8:00:00 AM,$0.01,$0.01,$0.01,$0.01,0
Haley,11/4/2020 8:00:00 AM,$0.01,$0.01,$0.01,$0.01,0
Ryan,11/4/2020 8:00:00 AM,$0.01,$0.01,$0.01,$0.01,0
O'Rourke,11/4/2020 8:00:00 AM,$0.01,$0.01,$0.01,$0.01,0
Brown,11/4/2020 8:00:00 AM,$0.01,$0.01,$0.01,$0.01,0
Bloomberg,11/4/2020 8:00:00 AM,$0.01,$0.01,$0.01,$0.01,0
Yang,11/4/2020 8:00:00 AM,$0.01,$0.01,$0.01,$0.01,1
Buttigieg,11/4/2020 8:00:00 AM,$0.01,$0.01,$0.01,$0.01,0
Gabbard,11/4/2020 8:00:00 AM,$0.01,$0.01,$0.01,$0.01,0
Clinton,11/4/2020 8:00:00 AM,$0.01,$0.01,$0.01,$0.01,887
Steyer,11/4/2020 8:00:00 AM,$0.01,$0.01,$0.01,$0.01,0
Jorgensen,11/4/2020 8:00:00 AM,$0.01,$0.01,$0.01,$0.01,0
West,11/4/2020 8:00:00 AM,$0.01,$0.01,$0.01,$0.01,0
Hawkins,11/4/2020 8:00:00 AM,$0.01,$0.01,$0.01,$0.01,0
Harris,11/4/2020 9:00:00 AM,$0.01,$0.01,$0.01,$0.01,883
Warren,11/4/2020 9:00:00 AM,$0.01,$0.01,$0.01,$0.01,0
Booker,11/4/2020 9:00:00 AM,$0.01,$0.01,$0.01,$0.01,0
Kasich,11/4/2020 9:00:00 AM,$0.01,$0.01,$0.01,$0.01,0
Biden,11/4/2020 9:00:00 AM,$0.39,$0.40,$0.30,$0.32,40646
Sanders,11/4/2020 9:00:00 AM,$0.01,$0.01,$0.01,$0.01,0
Pence,11/4/2020 9:00:00 AM,$0.01,$0.01,$0.01,$0.01,858
Trump,11/4/2020 9:00:00 AM,$0.63,$0.76,$0.63,$0.72,56540
Gillibrand,11/4/2020 9:00:00 AM,$0.01,$0.01,$0.01,$0.01,0
Cuomo,11/4/2020 9:00:00 AM,$0.01,$0.01,$0.01,$0.01,35
Cuban,11/4/2020 9:00:00 AM,$0.01,$0.01,$0.01,$0.01,0
Zuckerberg,11/4/2020 9:00:00 AM,$0.01,$0.01,$0.01,$0.01,0
Klobuchar,11/4/2020 9:00:00 AM,$0.01,$0.01,$0.01,$0.01,0
Haley,11/4/2020 9:00:00 AM,$0.01,$0.01,$0.01,$0.01,0
Ryan,11/4/2020 9:00:00 AM,$0.01,$0.01,$0.01,$0.01,0
O'Rourke,11/4/2020 9:00:00 AM,$0.01,$0.01,$0.01,$0.01,0
Brown,11/4/2020 9:00:00 AM,$0.01,$0.01,$0.01,$0.01,0
Bloomberg,11/4/2020 9:00:00 AM,$0.01,$0.01,$0.01,$0.01,0
Yang,11/4/2020 9:00:00 AM,$0.01,$0.01,$0.01,$0.01,0
Buttigieg,11/4/2020 9:00:00 AM,$0.01,$0.01,$0.01,$0.01,0
Gabbard,11/4/2020 9:00:00 AM,$0.01,$0.01,$0.01,$0.01,0
Clinton,11/4/2020 9:00:00 AM,$0.01,$0.01,$0.01,$0.01,1750
Steyer,11/4/2020 9:00:00 AM,$0.01,$0.01,$0.01,$0.01,0
Jorgensen,11/4/2020 9:00:00 AM,$0.01,$0.01,$0.01,$0.01,0
West,11/4/2020 9:00:00 AM,$0.01,$0.01,$0.01,$0.01,0
Hawkins,11/4/2020 9:00:00 AM,$0.01,$0.01,$0.01,$0.01,0
Harris,11/4/2020 10:00:00 AM,$0.01,$0.01,$0.01,$0.01,0
Warren,11/4/2020 10:00:00 AM,$0.01,$0.01,$0.01,$0.01,0
Booker,11/4/2020 10:00:00 AM,$0.01,$0.01,$0.01,$0.01,0
Kasich,11/4/2020 10:00:00 AM,$0.01,$0.01,$0.01,$0.01,0
Biden,11/4/2020 10:00:00 AM,$0.32,$0.32,$0.30,$0.30,1
Sanders,11/4/2020 10:00:00 AM,$0.01,$0.01,$0.01,$0.01,0
Pence,11/4/2020 10:00:00 AM,$0.01,$0.01,$0.01,$0.01,0
Trump,11/4/2020 10:00:00 AM,$0.72,$0.76,$0.72,$0.72,76
Gillibrand,11/4/2020 10:00:00 AM,$0.01,$0.01,$0.01,$0.01,0
Cuomo,11/4/2020 10:00:00 AM,$0.01,$0.01,$0.01,$0.01,0
Cuban,11/4/2020 10:00:00 AM,$0.01,$0.01,$0.01,$0.01,0
Zuckerberg,11/4/2020 10:00:00 AM,$0.01,$0.01,$0.01,$0.01,0
Klobuchar,11/4/2020 10:00:00 AM,$0.01,$0.01,$0.01,$0.01,0
Haley,11/4/2020 10:00:00 AM,$0.01,$0.01,$0.01,$0.01,0
Ryan,11/4/2020 10:00:00 AM,$0.01,$0.01,$0.01,$0.01,0
O'Rourke,11/4/2020 10:00:00 AM,$0.01,$0.01,$0.01,$0.01,0
Brown,11/4/2020 10:00:00 AM,$0.01,$0.01,$0.01,$0.01,0
Bloomberg,11/4/2020 10:00:00 AM,$0.01,$0.01,$0.01,$0.01,0
Yang,11/4/2020 10:00:00 AM,$0.01,$0.01,$0.01,$0.01,0
Buttigieg,11/4/2020 10:00:00 AM,$0.01,$0.01,$0.01,$0.01,0
Gabbard,11/4/2020 10:00:00 AM,$0.01,$0.01,$0.01,$0.01,0
Clinton,11/4/2020 10:00:00 AM,$0.01,$0.01,$0.01,$0.01,0
Steyer,11/4/2020 10:00:00 AM,$0.01,$0.01,$0.01,$0.01,0
Jorgensen,11/4/2020 10:00:00 AM,$0.01,$0.01,$0.01,$0.01,0
West,11/4/2020 10:00:00 AM,$0.01,$0.01,$0.01,$0.01,0
Hawkins,11/4/2020 10:00:00 AM,$0.01,$0.01,$0.01,$0.01,0
Harris,11/4/2020 11:00:00 AM,$0.01,$0.01,$0.01,$0.01,2361
Warren,11/4/2020 11:00:00 AM,$0.01,$0.01,$0.01,$0.01,934
Booker,11/4/2020 11:00:00 AM,$0.01,$0.01,$0.01,$0.01,0
Kasich,11/4/2020 11:00:00 AM,$0.01,$0.01,$0.01,$0.01,858
Biden,11/4/2020 11:00:00 AM,$0.30,$0.72,$0.30,$0.63,48696
Sanders,11/4/2020 11:00:00 AM,$0.01,$0.01,$0.01,$0.01,956
Pence,11/4/2020 11:00:00 AM,$0.01,$0.01,$0.01,$0.01,880
Trump,11/4/2020 11:00:00 AM,$0.72,$0.72,$0.40,$0.43,53086
Gillibrand,11/4/2020 11:00:00 AM,$0.01,$0.01,$0.01,$0.01,0
Cuomo,11/4/2020 11:00:00 AM,$0.01,$0.01,$0.01,$0.01,858
Cuban,11/4/2020 11:00:00 AM,$0.01,$0.01,$0.01,$0.01,858
Zuckerberg,11/4/2020 11:00:00 AM,$0.01,$0.01,$0.01,$0.01,0
Klobuchar,11/4/2020 11:00:00 AM,$0.01,$0.01,$0.01,$0.01,858
Haley,11/4/2020 11:00:00 AM,$0.01,$0.01,$0.01,$0.01,858
Ryan,11/4/2020 11:00:00 AM,$0.01,$0.01,$0.01,$0.01,0
O'Rourke,11/4/2020 11:00:00 AM,$0.01,$0.01,$0.01,$0.01,0
Brown,11/4/2020 11:00:00 AM,$0.01,$0.01,$0.01,$0.01,858
Bloomberg,11/4/2020 11:00:00 AM,$0.01,$0.01,$0.01,$0.01,923
Yang,11/4/2020 11:00:00 AM,$0.01,$0.01,$0.01,$0.01,913
Buttigieg,11/4/2020 11:00:00 AM,$0.01,$0.01,$0.01,$0.01,923
Gabbard,11/4/2020 11:00:00 AM,$0.01,$0.01,$0.01,$0.01,858
Clinton,11/4/2020 11:00:00 AM,$0.01,$0.01,$0.01,$0.01,1753
Steyer,11/4/2020 11:00:00 AM,$0.01,$0.01,$0.01,$0.01,858
Jorgensen,11/4/2020 11:00:00 AM,$0.01,$0.01,$0.01,$0.01,858
West,11/4/2020 11:00:00 AM,$0.01,$0.01,$0.01,$0.01,0
Hawkins,11/4/2020 11:00:00 AM,$0.01,$0.01,$0.01,$0.01,0
Harris,11/4/2020 12:00:00 PM,$0.01,$0.01,$0.01,$0.01,0
Warren,11/4/2020 12:00:00 PM,$0.01,$0.01,$0.01,$0.01,0
Booker,11/4/2020 12:00:00 PM,$0.01,$0.01,$0.01,$0.01,0
Kasich,11/4/2020 12:00:00 PM,$0.01,$0.01,$0.01,$0.01,0
Biden,11/4/2020 12:00:00 PM,$0.63,$0.80,$0.55,$0.73,42770
Sanders,11/4/2020 12:00:00 PM,$0.01,$0.01,$0.01,$0.01,0
Pence,11/4/2020 12:00:00 PM,$0.01,$0.01,$0.01,$0.01,0
Trump,11/4/2020 12:00:00 PM,$0.43,$0.46,$0.34,$0.36,56321
Gillibrand,11/4/2020 12:00:00 PM,$0.01,$0.01,$0.01,$0.01,0
Cuomo,11/4/2020 12:00:00 PM,$0.01,$0.01,$0.01,$0.01,0
Cuban,11/4/2020 12:00:00 PM,$0.01,$0.01,$0.01,$0.01,0
Zuckerberg,11/4/2020 12:00:00 PM,$0.01,$0.01,$0.01,$0.01,0
Klobuchar,11/4/2020 12:00:00 PM,$0.01,$0.01,$0.01,$0.01,0
Haley,11/4/2020 12:00:00 PM,$0.01,$0.01,$0.01,$0.01,0
Ryan,11/4/2020 12:00:00 PM,$0.01,$0.01,$0.01,$0.01,0
O'Rourke,11/4/2020 12:00:00 PM,$0.01,$0.01,$0.01,$0.01,0
Brown,11/4/2020 12:00:00 PM,$0.01,$0.01,$0.01,$0.01,0
Bloomberg,11/4/2020 12:00:00 PM,$0.01,$0.01,$0.01,$0.01,0
Yang,11/4/2020 12:00:00 PM,$0.01,$0.01,$0.01,$0.01,0
Buttigieg,11/4/2020 12:00:00 PM,$0.01,$0.01,$0.01,$0.01,0
Gabbard,11/4/2020 12:00:00 PM,$0.01,$0.01,$0.01,$0.01,0
Clinton,11/4/2020 12:00:00 PM,$0.01,$0.01,$0.01,$0.01,0
Steyer,11/4/2020 12:00:00 PM,$0.01,$0.01,$0.01,$0.01,0
Jorgensen,11/4/2020 12:00:00 PM,$0.01,$0.01,$0.01,$0.01,1
West,11/4/2020 12:00:00 PM,$0.01,$0.01,$0.01,$0.01,0
Hawkins,11/4/2020 12:00:00 PM,$0.01,$0.01,$0.01,$0.01,0
Harris,11/4/2020 1:00:00 PM,$0.01,$0.01,$0.01,$0.01,1052
Warren,11/4/2020 1:00:00 PM,$0.01,$0.01,$0.01,$0.01,0
Booker,11/4/2020 1:00:00 PM,$0.01,$0.01,$0.01,$0.01,0
Kasich,11/4/2020 1:00:00 PM,$0.01,$0.01,$0.01,$0.01,0
Biden,11/4/2020 1:00:00 PM,$0.73,$0.85,$0.71,$0.77,53728
Sanders,11/4/2020 1:00:00 PM,$0.01,$0.01,$0.01,$0.01,0
Pence,11/4/2020 1:00:00 PM,$0.01,$0.01,$0.01,$0.01,1929
Trump,11/4/2020 1:00:00 PM,$0.36,$0.38,$0.19,$0.30,71224
Gillibrand,11/4/2020 1:00:00 PM,$0.01,$0.01,$0.01,$0.01,0
Cuomo,11/4/2020 1:00:00 PM,$0.01,$0.01,$0.01,$0.01,0
Cuban,11/4/2020 1:00:00 PM,$0.01,$0.01,$0.01,$0.01,0
Zuckerberg,11/4/2020 1:00:00 PM,$0.01,$0.01,$0.01,$0.01,0
Klobuchar,11/4/2020 1:00:00 PM,$0.01,$0.01,$0.01,$0.01,0
Haley,11/4/2020 1:00:00 PM,$0.01,$0.01,$0.01,$0.01,0
Ryan,11/4/2020 1:00:00 PM,$0.01,$0.01,$0.01,$0.01,0
O'Rourke,11/4/2020 1:00:00 PM,$0.01,$0.01,$0.01,$0.01,1
Brown,11/4/2020 1:00:00 PM,$0.01,$0.01,$0.01,$0.01,0
Bloomberg,11/4/2020 1:00:00 PM,$0.01,$0.01,$0.01,$0.01,0
Yang,11/4/2020 1:00:00 PM,$0.01,$0.01,$0.01,$0.01,0
Buttigieg,11/4/2020 1:00:00 PM,$0.01,$0.01,$0.01,$0.01,0
Gabbard,11/4/2020 1:00:00 PM,$0.01,$0.01,$0.01,$0.01,0
Clinton,11/4/2020 1:00:00 PM,$0.01,$0.01,$0.01,$0.01,1947
Steyer,11/4/2020 1:00:00 PM,$0.01,$0.01,$0.01,$0.01,0
Jorgensen,11/4/2020 1:00:00 PM,$0.01,$0.01,$0.01,$0.01,0
West,11/4/2020 1:00:00 PM,$0.01,$0.01,$0.01,$0.01,0
Hawkins,11/4/2020 1:00:00 PM,$0.01,$0.01,$0.01,$0.01,0
Harris,11/4/2020 2:00:00 PM,$0.01,$0.01,$0.01,$0.01,1735
Warren,11/4/2020 2:00:00 PM,$0.01,$0.01,$0.01,$0.01,1
Booker,11/4/2020 2:00:00 PM,$0.01,$0.01,$0.01,$0.01,0
Kasich,11/4/2020 2:00:00 PM,$0.01,$0.01,$0.01,$0.01,0
Biden,11/4/2020 2:00:00 PM,$0.77,$0.82,$0.72,$0.77,56105
Sanders,11/4/2020 2:00:00 PM,$0.01,$0.01,$0.01,$0.01,840
Pence,11/4/2020 2:00:00 PM,$0.01,$0.01,$0.01,$0.01,894
Trump,11/4/2020 2:00:00 PM,$0.30,$0.37,$0.20,$0.31,53129
Gillibrand,11/4/2020 2:00:00 PM,$0.01,$0.01,$0.01,$0.01,0
Cuomo,11/4/2020 2:00:00 PM,$0.01,$0.01,$0.01,$0.01,841
Cuban,11/4/2020 2:00:00 PM,$0.01,$0.01,$0.01,$0.01,840
Zuckerberg,11/4/2020 2:00:00 PM,$0.01,$0.01,$0.01,$0.01,0
Klobuchar,11/4/2020 2:00:00 PM,$0.01,$0.01,$0.01,$0.01,840
Haley,11/4/2020 2:00:00 PM,$0.01,$0.01,$0.01,$0.01,1
Ryan,11/4/2020 2:00:00 PM,$0.01,$0.01,$0.01,$0.01,0
O'Rourke,11/4/2020 2:00:00 PM,$0.01,$0.01,$0.01,$0.01,0
Brown,11/4/2020 2:00:00 PM,$0.01,$0.01,$0.01,$0.01,0
Bloomberg,11/4/2020 2:00:00 PM,$0.01,$0.01,$0.01,$0.01,0
Yang,11/4/2020 2:00:00 PM,$0.01,$0.01,$0.01,$0.01,1
Buttigieg,11/4/2020 2:00:00 PM,$0.01,$0.01,$0.01,$0.01,0
Gabbard,11/4/2020 2:00:00 PM,$0.01,$0.01,$0.01,$0.01,0
Clinton,11/4/2020 2:00:00 PM,$0.01,$0.01,$0.01,$0.01,1725
Steyer,11/4/2020 2:00:00 PM,$0.01,$0.01,$0.01,$0.01,0
Jorgensen,11/4/2020 2:00:00 PM,$0.01,$0.01,$0.01,$0.01,0
West,11/4/2020 2:00:00 PM,$0.01,$0.01,$0.01,$0.01,0
Hawkins,11/4/2020 2:00:00 PM,$0.01,$0.01,$0.01,$0.01,0
Harris,11/4/2020 3:00:00 PM,$0.01,$0.01,$0.01,$0.01,2257
Warren,11/4/2020 3:00:00 PM,$0.01,$0.01,$0.01,$0.01,0
Booker,11/4/2020 3:00:00 PM,$0.01,$0.01,$0.01,$0.01,0
Kasich,11/4/2020 3:00:00 PM,$0.01,$0.01,$0.01,$0.01,0
Biden,11/4/2020 3:00:00 PM,$0.77,$0.89,$0.76,$0.85,66013
Sanders,11/4/2020 3:00:00 PM,$0.01,$0.01,$0.01,$0.01,39
Pence,11/4/2020 3:00:00 PM,$0.01,$0.01,$0.01,$0.01,858
Trump,11/4/2020 3:00:00 PM,$0.31,$0.33,$0.14,$0.19,96955
Gillibrand,11/4/2020 3:00:00 PM,$0.01,$0.01,$0.01,$0.01,0
Cuomo,11/4/2020 3:00:00 PM,$0.01,$0.01,$0.01,$0.01,0
Cuban,11/4/2020 3:00:00 PM,$0.01,$0.01,$0.01,$0.01,0
Zuckerberg,11/4/2020 3:00:00 PM,$0.01,$0.01,$0.01,$0.01,0
Klobuchar,11/4/2020 3:00:00 PM,$0.01,$0.01,$0.01,$0.01,0
Haley,11/4/2020 3:00:00 PM,$0.01,$0.01,$0.01,$0.01,0
Ryan,11/4/2020 3:00:00 PM,$0.01,$0.01,$0.01,$0.01,0
O'Rourke,11/4/2020 3:00:00 PM,$0.01,$0.01,$0.01,$0.01,0
Brown,11/4/2020 3:00:00 PM,$0.01,$0.01,$0.01,$0.01,0
Bloomberg,11/4/2020 3:00:00 PM,$0.01,$0.01,$0.01,$0.01,0
Yang,11/4/2020 3:00:00 PM,$0.01,$0.01,$0.01,$0.01,0
Buttigieg,11/4/2020 3:00:00 PM,$0.01,$0.01,$0.01,$0.01,0
Gabbard,11/4/2020 3:00:00 PM,$0.01,$0.01,$0.01,$0.01,0
Clinton,11/4/2020 3:00:00 PM,$0.01,$0.01,$0.01,$0.01,1709
Steyer,11/4/2020 3:00:00 PM,$0.01,$0.01,$0.01,$0.01,0
Jorgensen,11/4/2020 3:00:00 PM,$0.01,$0.01,$0.01,$0.01,0
West,11/4/2020 3:00:00 PM,$0.01,$0.01,$0.01,$0.01,0
Hawkins,11/4/2020 3:00:00 PM,$0.01,$0.01,$0.01,$0.01,0
Harris,11/4/2020 4:00:00 PM,$0.01,$0.01,$0.01,$0.01,1343
Warren,11/4/2020 4:00:00 PM,$0.01,$0.01,$0.01,$0.01,0
Booker,11/4/2020 4:00:00 PM,$0.01,$0.01,$0.01,$0.01,0
Kasich,11/4/2020 4:00:00 PM,$0.01,$0.01,$0.01,$0.01,0
Biden,11/4/2020 4:00:00 PM,$0.85,$0.87,$0.81,$0.86,43334
Sanders,11/4/2020 4:00:00 PM,$0.01,$0.01,$0.01,$0.01,100
Pence,11/4/2020 4:00:00 PM,$0.01,$0.01,$0.01,$0.01,487
Trump,11/4/2020 4:00:00 PM,$0.19,$0.23,$0.13,$0.20,82217
Gillibrand,11/4/2020 4:00:00 PM,$0.01,$0.01,$0.01,$0.01,0
Cuomo,11/4/2020 4:00:00 PM,$0.01,$0.01,$0.01,$0.01,0
Cuban,11/4/2020 4:00:00 PM,$0.01,$0.01,$0.01,$0.01,0
Zuckerberg,11/4/2020 4:00:00 PM,$0.01,$0.01,$0.01,$0.01,0
Klobuchar,11/4/2020 4:00:00 PM,$0.01,$0.01,$0.01,$0.01,0
Haley,11/4/2020 4:00:00 PM,$0.01,$0.01,$0.01,$0.01,30
Ryan,11/4/2020 4:00:00 PM,$0.01,$0.01,$0.01,$0.01,0
O'Rourke,11/4/2020 4:00:00 PM,$0.01,$0.01,$0.01,$0.01,0
Brown,11/4/2020 4:00:00 PM,$0.01,$0.01,$0.01,$0.01,0
Bloomberg,11/4/2020 4:00:00 PM,$0.01,$0.01,$0.01,$0.01,0
Yang,11/4/2020 4:00:00 PM,$0.01,$0.01,$0.01,$0.01,0
Buttigieg,11/4/2020 4:00:00 PM,$0.01,$0.01,$0.01,$0.01,0
Gabbard,11/4/2020 4:00:00 PM,$0.01,$0.01,$0.01,$0.01,0
Clinton,11/4/2020 4:00:00 PM,$0.01,$0.01,$0.01,$0.01,33
Steyer,11/4/2020 4:00:00 PM,$0.01,$0.01,$0.01,$0.01,0
Jorgensen,11/4/2020 4:00:00 PM,$0.01,$0.01,$0.01,$0.01,0
West,11/4/2020 4:00:00 PM,$0.01,$0.01,$0.01,$0.01,0
Hawkins,11/4/2020 4:00:00 PM,$0.01,$0.01,$0.01,$0.01,0
Harris,11/4/2020 5:00:00 PM,$0.01,$0.01,$0.01,$0.01,246
Warren,11/4/2020 5:00:00 PM,$0.01,$0.01,$0.01,$0.01,0
Booker,11/4/2020 5:00:00 PM,$0.01,$0.01,$0.01,$0.01,0
Kasich,11/4/2020 5:00:00 PM,$0.01,$0.01,$0.01,$0.01,0
Biden,11/4/2020 5:00:00 PM,$0.86,$0.87,$0.74,$0.82,49003
Sanders,11/4/2020 5:00:00 PM,$0.01,$0.01,$0.01,$0.01,800
Pence,11/4/2020 5:00:00 PM,$0.01,$0.01,$0.01,$0.01,25042
Trump,11/4/2020 5:00:00 PM,$0.20,$0.25,$0.17,$0.21,51163
Gillibrand,11/4/2020 5:00:00 PM,$0.01,$0.01,$0.01,$0.01,0
Cuomo,11/4/2020 5:00:00 PM,$0.01,$0.01,$0.01,$0.01,0
Cuban,11/4/2020 5:00:00 PM,$0.01,$0.01,$0.01,$0.01,0
Zuckerberg,11/4/2020 5:00:00 PM,$0.01,$0.01,$0.01,$0.01,0
Klobuchar,11/4/2020 5:00:00 PM,$0.01,$0.01,$0.01,$0.01,0
Haley,11/4/2020 5:00:00 PM,$0.01,$0.01,$0.01,$0.01,0
Ryan,11/4/2020 5:00:00 PM,$0.01,$0.01,$0.01,$0.01,0
O'Rourke,11/4/2020 5:00:00 PM,$0.01,$0.01,$0.01,$0.01,0
Brown,11/4/2020 5:00:00 PM,$0.01,$0.01,$0.01,$0.01,0
Bloomberg,11/4/2020 5:00:00 PM,$0.01,$0.01,$0.01,$0.01,0
Yang,11/4/2020 5:00:00 PM,$0.01,$0.01,$0.01,$0.01,0
Buttigieg,11/4/2020 5:00:00 PM,$0.01,$0.01,$0.01,$0.01,0
Gabbard,11/4/2020 5:00:00 PM,$0.01,$0.01,$0.01,$0.01,0
Clinton,11/4/2020 5:00:00 PM,$0.01,$0.01,$0.01,$0.01,0
Steyer,11/4/2020 5:00:00 PM,$0.01,$0.01,$0.01,$0.01,0
Jorgensen,11/4/2020 5:00:00 PM,$0.01,$0.01,$0.01,$0.01,0
West,11/4/2020 5:00:00 PM,$0.01,$0.01,$0.01,$0.01,0
Hawkins,11/4/2020 5:00:00 PM,$0.01,$0.01,$0.01,$0.01,0
